ID,Description,GeneRatio,BgRatio,RichFactor,FoldEnrichment,zScore,pvalue,p.adjust,qvalue,geneID,Count
GO:0005975,carbohydrate metabolic process,99/877,281/6449,0.35231316725978645,2.5907270417997292,10.816416416323502,3.7205684521143965e-21,5.83013076446326e-18,5.048223931342587e-18,YGR087C/YKR097W/YNR073C/YJL052W/YLR377C/YNR071C/YNR001C/YOL126C/YMR145C/YIL053W/YKL152C/YNR067C/YCR012W/YGR256W/YOL086C/YJL034W/YIL045W/YLR044C/YKL060C/YBR196C/YDL055C/YDR074W/YJR096W/YFR015C/YOR047C/YLR446W/YMR305C/YMR170C/YGL062W/YGR248W/YJR009C/YAL038W/YOR393W/YLR174W/YPR184W/YHR174W/YPL201C/YOL059W/YER062C/YPL061W/YKL035W/YCL018W/YHL032C/YER065C/YCL040W/YLR300W/YBR299W/YPR026W/YBR126C/YML070W/YGR143W/YDR050C/YDL022W/YIL155C/YER003C/YHR104W/YEL070W/YMR278W/YGR043C/YML100W/YPR001W/YGR189C/YMR215W/YHR183W/YIL162W/YLR134W/YJL200C/YFR053C/YPL075W/YMR205C/YDL021W/YBR297W/YKL038W/YGL253W/YBR239C/YLR304C/YGR240C/YFR042W/YNL241C/YIL099W/YPL227C/YHR043C/YKR058W/YDL049C/YDL085W/YNR034W/YOR095C/YMR323W/YFR021W/YOR344C/YOR347C/YJR030C/YOL132W/YIL123W/YCR073W-A/YHR210C/YFL053W/YGR287C/YGR292W,99
GO:0046496,nicotinamide nucleotide metabolic process,43/877,81/6449,0.5308641975308642,3.903698072835283,10.432759491509415,2.3001711961598418e-17,1.802184132191236e-14,1.560484564131598e-14,YJL052W/YLR377C/YKL152C/YCR012W/YGR256W/YKL060C/YBR196C/YLR446W/YGR248W/YJR009C/YAL038W/YOR393W/YLR174W/YHR174W/YLR231C/YPL061W/YMR315W/YNL129W/YCL040W/YDR050C/YIL155C/YBR117C/YNL200C/YGR043C/YHR183W/YFR053C/YPL075W/YMR205C/YHR202W/YDL021W/YGL253W/YPR074C/YGR240C/YNL241C/YOR222W/YJR078W/YNR034W/YOR095C/YMR323W/YOR344C/YOR347C/YCL047C/YCR073W-A,43
GO:0006091,generation of precursor metabolites and energy,81/877,233/6449,0.34763948497854075,2.5563592230634087,9.599288813968181,4.907292829594369e-17,2.5632426213247924e-14,2.2194738446832078e-14,YGR087C/YJL052W/YLR377C/YPL262W/YNR001C/YOL126C/YMR145C/YKL152C/YMR118C/YCR012W/YGR256W/YOL086C/YIL045W/YLR044C/YKL060C/YBR196C/YMR002W/YFR015C/YLR446W/YMR170C/YGL062W/YJL116C/YGR248W/YJR009C/YAL038W/YOR393W/YLR174W/YLR164W/YPR184W/YHR174W/YPL061W/YKL035W/YJR121W/YPL271W/YMR315W/YNL037C/YLR038C/YER065C/YCL040W/YIL111W/YDR529C/YJR048W/YML070W/YDR050C/YDL067C/YBR117C/YGR043C/YPR001W/YJL166W/YHR183W/YJR120W/YLR134W/YJL200C/YFR053C/YNL052W/YPL075W/YFR049W/YMR205C/YIL070C/YDL021W/YBR238C/YGL253W/YPR074C/YLR395C/YMR256C/YLR304C/YGR240C/YNL241C/YIL099W/YOR356W/YKR058W/YDL085W/YNR034W/YOR095C/YMR323W/YFR021W/YOR344C/YOR347C/YCR073W-A/YFL053W/YPL252C,81
GO:0006163,purine nucleotide metabolic process,57/877,137/6449,0.41605839416058393,3.0594761504465287,9.665855819354487,2.784586588146729e-16,9.469233601796068e-14,8.199269212182267e-14,YJL052W/YLR377C/YKL016C/YKL152C/YCR012W/YGR256W/YKL060C/YBR196C/YLR446W/YJL116C/YGR248W/YJR009C/YAL038W/YOR393W/YLR174W/YLR295C/YHR174W/YLR231C/YPL061W/YJR121W/YPL271W/YMR315W/YKL001C/YNL129W/YML081C-A/YCL040W/YDR322C-A/YPR020W/YDL004W/YDR050C/YIL155C/YBR117C/YGR043C/YHR183W/YJR010W/YFR053C/YPL075W/YMR205C/YHR202W/YDL021W/YOL077W-A/YGL253W/YPR074C/YKR080W/YGR240C/YNL241C/YOR222W/YOR128C/YJR078W/YNR034W/YOR095C/YMR323W/YML022W/YOR344C/YOR347C/YCL047C/YCR073W-A,57
GO:0055085,transmembrane transport,131/877,486/6449,0.26954732510288065,1.9821102617884576,8.932082712396822,3.0214529680268246e-16,9.469233601796068e-14,8.199269212182267e-14,YHR094C/YNR072W/YOR273C/YDR406W/YDR345C/YJL212C/YDR536W/YDL210W/YMR319C/YCL025C/YLR004C/YKL016C/YOL126C/YOR092W/YHL028W/YOR161C/YHR092C/YJL034W/YBR294W/YEL069C/YJR095W/YGR125W/YJL163C/YBR068C/YLR295C/YKR093W/YCR011C/YLR237W/YJR121W/YPL271W/YOR020C/YPR124W/YLR038C/YOR348C/YER103W/YML081C-A/YCL040W/YDR322C-A/YIL111W/YDR529C/YPL265W/YKL217W/YGR260W/YPR020W/YEL063C/YGR243W/YER053C/YDL004W/YOR306C/YDL245C/YCR098C/YNL065W/YDL022W/YDL067C/YDR342C/YLR152C/YPR115W/YGR191W/YAL067C/YKL073W/YJL166W/YBL075C/YHR096C/YFR053C/YOL075C/YBR235W/YNL052W/YMR205C/YOR254C/YGL008C/YML123C/YNL142W/YIR028W/YKL197C/YMR088C/YMR241W/YMR279C/YOL077W-A/YBR043C/YDR011W/YOR045W/YDR046C/YGL253W/YOL130W/YDR277C/YLR395C/YMR256C/YMR203W/YJR077C/YPL169C/YBR091C/YGR240C/YDR135C/YJL104W/YOR153W/YER119C/YDL138W/YLR378C/YGL114W/YGR239C/YOR222W/YDR343C/YAR035W/YBR069C/YLR008C/YNR002C/YGR121C/YDR338C/YHR160C/YCR037C/YMR301C/YEL065W/YER145C/YNL070W/YPL006W/YJL193W/YPL244C/YML038C/YHL036W/YCL038C/YOR390W/YOR071C/YDR508C/YPL274W/YGR224W/YNL270C/YGR055W/YLR136C/YPL098C/YJL214W/YBR296C,131
GO:0072521,purine-containing compound metabolic process,70/877,192/6449,0.3645833333333333,2.680955435195743,9.380597328152872,4.398204627509711e-16,1.1486644418846195e-13,9.9461153769474e-14,YJL052W/YLR377C/YNL141W/YNR001C/YKL016C/YKL152C/YCR012W/YGR256W/YKL060C/YBR196C/YLR446W/YMR170C/YJL116C/YGR248W/YJR009C/YAL038W/YOR393W/YLR174W/YLR295C/YHR174W/YLR231C/YOR317W/YPL061W/YJR121W/YPL271W/YMR315W/YML075C/YKL001C/YMR169C/YNL129W/YML081C-A/YDL238C/YCL040W/YDR322C-A/YPR020W/YDL004W/YDR050C/YIL155C/YBR117C/YMR278W/YGR043C/YHR183W/YJR010W/YFR053C/YMR207C/YPL075W/YMR205C/YIR028W/YHR202W/YDL021W/YOL077W-A/YGL253W/YPR074C/YGL126W/YKR080W/YGR240C/YNL241C/YIR027C/YJR019C/YOR222W/YOR128C/YJR078W/YNR034W/YOR095C/YMR323W/YML022W/YOR344C/YOR347C/YCL047C/YCR073W-A,70
GO:0072524,pyridine-containing compound metabolic process,45/877,95/6449,0.47368421052631576,3.483226309788153,9.673001509758768,1.1792106637431183e-15,2.639747300122095e-13,2.285718113631398e-13,YJL052W/YLR377C/YKL152C/YCR012W/YGR256W/YKL060C/YBR196C/YOR047C/YLR446W/YGR248W/YJR009C/YAL038W/YOR393W/YLR174W/YHR174W/YLR231C/YPL061W/YMR315W/YNL129W/YCL040W/YDR050C/YIL155C/YBR117C/YNL200C/YGR043C/YHR183W/YFR053C/YPL075W/YMR205C/YHR202W/YDL021W/YGL253W/YPR074C/YGR240C/YNL241C/YOR222W/YJR078W/YNR034W/YOR095C/YMR323W/YOR344C/YOR347C/YCL047C/YFL059W/YCR073W-A,45
GO:0046034,ATP metabolic process,32/877,54/6449,0.5925925925925926,4.357616453397525,9.829115696764969,4.406395204585325e-15,8.631026606981506e-13,7.473478182513795e-13,YJL052W/YLR377C/YKL016C/YKL152C/YCR012W/YKL060C/YBR196C/YLR446W/YJL116C/YJR009C/YAL038W/YOR393W/YLR295C/YHR174W/YJR121W/YPL271W/YML081C-A/YCL040W/YDR322C-A/YPR020W/YDL004W/YDR050C/YFR053C/YPL075W/YMR205C/YDL021W/YOL077W-A/YGL253W/YGR240C/YMR323W/YOR344C/YOR347C,32
GO:0043436,oxoacid metabolic process,109/877,387/6449,0.28165374677002586,2.0711345643328354,8.621807209221148,5.165072463764902e-15,8.992965056355114e-13,7.786875328412817e-13,YGR087C/YPL095C/YJL052W/YLR377C/YGL055W/YKR034W/YPL262W/YNR001C/YPR002W/YOL126C/YKR009C/YKL152C/YCR012W/YGR256W/YOL086C/YMR250W/YLR044C/YKL060C/YLR303W/YBR196C/YEL071W/YDR089W/YLR446W/YAL012W/YMR170C/YGL062W/YPL111W/YJR009C/YAL038W/YCL064C/YOR393W/YGR019W/YLR174W/YPR035W/YER052C/YHR205W/YHR174W/YLR231C/YOR317W/YOR391C/YPL061W/YPR167C/YCL018W/YMR272C/YNL037C/YKL001C/YMR169C/YER065C/YCL040W/YOR375C/YMR009W/YPR006C/YER010C/YNL217W/YBL015W/YDR050C/YOL058W/YJR148W/YGL205W/YDR380W/YLR372W/YDR354W/YLR142W/YEL020C/YGR124W/YPR001W/YHR183W/YLR134W/YJR010W/YJL200C/YFR053C/YMR207C/YPL075W/YFR049W/YMR205C/YGL148W/YLL062C/YML123C/YDL021W/YIL074C/YGL253W/YOL002C/YML054C/YER055C/YLR304C/YBR084W/YKR080W/YGR240C/YHR208W/YHR067W/YLR438W/YER061C/YPL028W/YPL017C/YJR019C/YAR035W/YIR017C/YJR078W/YJR137C/YCR037C/YMR323W/YNL229C/YOR344C/YOR347C/YPL275W/YCL026C-A/YIL160C/YDL219W/YCR034W,109
GO:0019320,hexose catabolic process,28/877,43/6449,0.6511627906976745,4.788311102861234,9.887651586193654,7.336749503465307e-15,1.0888358226450988e-12,9.428068218785694e-13,YGR087C/YJL052W/YLR377C/YNR071C/YKL152C/YCR012W/YOL086C/YLR044C/YKL060C/YBR196C/YMR170C/YJR009C/YAL038W/YHR174W/YPL061W/YCL040W/YDR050C/YER003C/YHR104W/YLR134W/YFR053C/YMR205C/YDL021W/YGL253W/YGR240C/YOR347C/YJR030C/YHR210C,28
GO:0006082,organic acid metabolic process,109/877,389/6449,0.2802056555269923,2.06048605757534,8.559535725554028,7.643391224694375e-15,1.0888358226450988e-12,9.428068218785694e-13,YGR087C/YPL095C/YJL052W/YLR377C/YGL055W/YKR034W/YPL262W/YNR001C/YPR002W/YOL126C/YKR009C/YKL152C/YCR012W/YGR256W/YOL086C/YMR250W/YLR044C/YKL060C/YLR303W/YBR196C/YEL071W/YDR089W/YLR446W/YAL012W/YMR170C/YGL062W/YPL111W/YJR009C/YAL038W/YCL064C/YOR393W/YGR019W/YLR174W/YPR035W/YER052C/YHR205W/YHR174W/YLR231C/YOR317W/YOR391C/YPL061W/YPR167C/YCL018W/YMR272C/YNL037C/YKL001C/YMR169C/YER065C/YCL040W/YOR375C/YMR009W/YPR006C/YER010C/YNL217W/YBL015W/YDR050C/YOL058W/YJR148W/YGL205W/YDR380W/YLR372W/YDR354W/YLR142W/YEL020C/YGR124W/YPR001W/YHR183W/YLR134W/YJR010W/YJL200C/YFR053C/YMR207C/YPL075W/YFR049W/YMR205C/YGL148W/YLL062C/YML123C/YDL021W/YIL074C/YGL253W/YOL002C/YML054C/YER055C/YLR304C/YBR084W/YKR080W/YGR240C/YHR208W/YHR067W/YLR438W/YER061C/YPL028W/YPL017C/YJR019C/YAR035W/YIR017C/YJR078W/YJR137C/YCR037C/YMR323W/YNL229C/YOR344C/YOR347C/YPL275W/YCL026C-A/YIL160C/YDL219W/YCR034W,109
GO:0016052,carbohydrate catabolic process,49/877,116/6449,0.4224137931034483,3.106210435261275,9.080981019941337,1.8004883813636092e-14,2.339225856133401e-12,2.025501043600547e-12,YGR087C/YJL052W/YLR377C/YNR071C/YKL152C/YNR067C/YCR012W/YOL086C/YLR044C/YKL060C/YBR196C/YJR096W/YLR446W/YMR170C/YJR009C/YAL038W/YOR393W/YPR184W/YHR174W/YPL061W/YHL032C/YCL040W/YLR300W/YBR299W/YPR026W/YML070W/YDR050C/YIL155C/YER003C/YHR104W/YIL162W/YLR134W/YFR053C/YPL075W/YMR205C/YDL021W/YGL253W/YGR240C/YIL099W/YMR323W/YFR021W/YOR344C/YOR347C/YJR030C/YIL123W/YHR210C/YFL053W/YGR287C/YGR292W,49
GO:0072523,purine-containing compound catabolic process,29/877,47/6449,0.6170212765957447,4.5372522380455615,9.655257959369644,1.9406468493767845e-14,2.339225856133401e-12,2.025501043600547e-12,YJL052W/YLR377C/YNL141W/YNR001C/YKL152C/YCR012W/YKL060C/YBR196C/YLR446W/YJR009C/YAL038W/YOR393W/YHR174W/YDL238C/YCL040W/YDR050C/YMR278W/YFR053C/YPL075W/YMR205C/YHR202W/YDL021W/YGL253W/YGL126W/YGR240C/YIR027C/YMR323W/YOR344C/YOR347C,29
GO:0009117,nucleotide metabolic process,66/877,189/6449,0.3492063492063492,2.5678811243235415,8.678878817142163,3.603002596466178e-14,4.032789334758929e-12,3.4919325916127092e-12,YJL052W/YLR377C/YNL141W/YMR271C/YKL016C/YKL152C/YCR012W/YGR256W/YKL060C/YBR196C/YLR446W/YJL116C/YGR248W/YJR009C/YAL038W/YOR393W/YLR174W/YLR295C/YHR174W/YLR231C/YPL061W/YJR121W/YPL271W/YMR315W/YER037W/YKL001C/YNL129W/YML081C-A/YCL040W/YDR322C-A/YPR020W/YDL004W/YDR050C/YIL155C/YBR117C/YNL200C/YGR043C/YHR183W/YJR010W/YFR053C/YPL075W/YMR205C/YHR202W/YDL021W/YOL077W-A/YGL253W/YPR074C/YER055C/YJR103W/YKR080W/YGR240C/YNL241C/YOR222W/YOR128C/YJR078W/YNR034W/YER005W/YOR095C/YMR323W/YNR012W/YML022W/YOR344C/YOR347C/YCL047C/YCR073W-A/YDL166C,66
GO:0032787,monocarboxylic acid metabolic process,65/877,185/6449,0.35135135135135137,2.583654349902925,8.670160655513039,4.072359260663371e-14,4.065872577770311e-12,3.5205788820380417e-12,YGR087C/YPL095C/YJL052W/YLR377C/YGL055W/YPR002W/YOL126C/YKR009C/YKL152C/YCR012W/YGR256W/YOL086C/YLR044C/YKL060C/YBR196C/YEL071W/YLR446W/YMR170C/YJR009C/YAL038W/YOR393W/YGR019W/YLR174W/YHR174W/YLR231C/YOR317W/YOR391C/YPL061W/YCL018W/YMR272C/YMR169C/YER065C/YCL040W/YPR006C/YER010C/YBL015W/YDR050C/YGL205W/YLR372W/YEL020C/YPR001W/YHR183W/YLR134W/YJL200C/YFR053C/YMR207C/YPL075W/YMR205C/YDL021W/YGL253W/YOL002C/YML054C/YLR304C/YGR240C/YHR067W/YER061C/YJR019C/YAR035W/YMR323W/YOR344C/YOR347C/YPL275W/YCL026C-A/YIL160C/YCR034W,65
GO:0055086,nucleobase-containing small molecule metabolic process,83/877,268/6449,0.30970149253731344,2.277383039193996,8.47356036764372,4.1514972076786836e-14,4.065872577770311e-12,3.5205788820380417e-12,YJL052W/YLR377C/YNL141W/YNR001C/YMR271C/YKL016C/YKL152C/YCR012W/YGR256W/YKL060C/YBR196C/YDL055C/YOR047C/YLR446W/YMR170C/YJL116C/YGR248W/YJR009C/YAL038W/YOR393W/YLR174W/YLR295C/YHR174W/YLR231C/YOR317W/YPL061W/YKL035W/YJR121W/YPL271W/YMR315W/YER037W/YML075C/YKL001C/YMR169C/YNL129W/YML081C-A/YDL238C/YCL040W/YDR322C-A/YPR020W/YDL004W/YDR050C/YIL155C/YBR117C/YER003C/YNL200C/YMR278W/YGR043C/YHR183W/YJR010W/YFR053C/YMR207C/YPL075W/YMR205C/YIR028W/YHR202W/YDL021W/YOL077W-A/YGL253W/YPR074C/YER055C/YGL126W/YJR103W/YKR080W/YGR240C/YNL241C/YIR027C/YJR019C/YOR222W/YOR128C/YJR078W/YNR034W/YER005W/YCR026C/YOR095C/YMR323W/YNR012W/YML022W/YOR344C/YOR347C/YCL047C/YCR073W-A/YDL166C,83
GO:0019752,carboxylic acid metabolic process,103/877,369/6449,0.2791327913279133,2.0525967745424323,8.260953651339237,6.083224244305704e-14,5.607301406368846e-12,4.855279288489197e-12,YGR087C/YPL095C/YJL052W/YLR377C/YGL055W/YPL262W/YNR001C/YPR002W/YOL126C/YKR009C/YKL152C/YCR012W/YGR256W/YOL086C/YMR250W/YLR044C/YKL060C/YLR303W/YBR196C/YEL071W/YLR446W/YAL012W/YMR170C/YGL062W/YPL111W/YJR009C/YAL038W/YCL064C/YOR393W/YGR019W/YLR174W/YPR035W/YER052C/YHR205W/YHR174W/YLR231C/YOR317W/YOR391C/YPL061W/YPR167C/YCL018W/YMR272C/YNL037C/YKL001C/YMR169C/YER065C/YCL040W/YOR375C/YMR009W/YPR006C/YER010C/YBL015W/YDR050C/YOL058W/YJR148W/YGL205W/YDR380W/YLR372W/YDR354W/YLR142W/YEL020C/YGR124W/YPR001W/YHR183W/YLR134W/YJR010W/YJL200C/YFR053C/YMR207C/YPL075W/YFR049W/YMR205C/YGL148W/YLL062C/YDL021W/YIL074C/YGL253W/YOL002C/YML054C/YER055C/YLR304C/YBR084W/YKR080W/YGR240C/YHR208W/YHR067W/YLR438W/YER061C/YPL028W/YPL017C/YJR019C/YAR035W/YIR017C/YJR078W/YJR137C/YMR323W/YOR344C/YOR347C/YPL275W/YCL026C-A/YIL160C/YDL219W/YCR034W,103
GO:0006007,glucose catabolic process,23/877,32/6449,0.71875,5.285312143671608,9.64046957383673,7.534198262873728e-14,6.55893815440174e-12,5.679287462482009e-12,YGR087C/YJL052W/YLR377C/YKL152C/YCR012W/YOL086C/YLR044C/YKL060C/YBR196C/YMR170C/YJR009C/YAL038W/YHR174W/YPL061W/YCL040W/YDR050C/YLR134W/YFR053C/YMR205C/YDL021W/YGL253W/YGR240C/YOR347C,23
GO:0046365,monosaccharide catabolic process,29/877,49/6449,0.5918367346938775,4.352058269145743,9.343861008944835,9.141383761555254e-14,7.539235975977412e-12,6.528112835814251e-12,YGR087C/YJL052W/YLR377C/YNR071C/YKL152C/YCR012W/YOL086C/YLR044C/YKL060C/YBR196C/YJR096W/YMR170C/YJR009C/YAL038W/YHR174W/YPL061W/YCL040W/YDR050C/YER003C/YHR104W/YLR134W/YFR053C/YMR205C/YDL021W/YGL253W/YGR240C/YOR347C/YJR030C/YHR210C,29
GO:0009141,nucleoside triphosphate metabolic process,36/877,72/6449,0.5,3.676738882554162,9.060888882468607,1.1038266314598651e-13,8.648481657488042e-12,7.488592252377716e-12,YJL052W/YLR377C/YKL016C/YKL152C/YCR012W/YKL060C/YBR196C/YLR446W/YJL116C/YJR009C/YAL038W/YOR393W/YLR295C/YHR174W/YJR121W/YPL271W/YML081C-A/YCL040W/YDR322C-A/YPR020W/YDL004W/YDR050C/YFR053C/YPL075W/YMR205C/YDL021W/YOL077W-A/YGL253W/YJR103W/YGR240C/YER005W/YCR026C/YMR323W/YNR012W/YOR344C/YOR347C,36
GO:0019662,non-glycolytic fermentation,22/877,30/6449,0.7333333333333333,5.392550361079437,9.566442074233738,1.355595586099893e-13,9.83017796775562e-12,8.511805595967483e-12,YGR087C/YJL052W/YLR377C/YKL152C/YCR012W/YOL086C/YLR044C/YKL060C/YBR196C/YMR170C/YJR009C/YAL038W/YHR174W/YPL061W/YCL040W/YML070W/YDR050C/YLR134W/YFR053C/YGL253W/YOR347C/YFL053W,22
GO:0009205,purine ribonucleoside triphosphate metabolic process,32/877,59/6449,0.5423728813559322,3.9883269234485823,9.147668997984766,1.3801143285936415e-13,9.83017796775562e-12,8.511805595967483e-12,YJL052W/YLR377C/YKL016C/YKL152C/YCR012W/YKL060C/YBR196C/YLR446W/YJL116C/YJR009C/YAL038W/YOR393W/YLR295C/YHR174W/YJR121W/YPL271W/YML081C-A/YCL040W/YDR322C-A/YPR020W/YDL004W/YDR050C/YFR053C/YPL075W/YMR205C/YDL021W/YOL077W-A/YGL253W/YGR240C/YMR323W/YOR344C/YOR347C,32
GO:0044282,small molecule catabolic process,62/877,177/6449,0.3502824858757062,2.5757944713938765,8.43315219077992,1.90224223433256e-13,1.2960059048691833e-11,1.1221923295444713e-11,YGR087C/YPL095C/YJL052W/YLR377C/YNR071C/YKR009C/YKL152C/YCR012W/YOL086C/YMR250W/YLR044C/YKL060C/YBR196C/YAL060W/YJR096W/YAL012W/YMR170C/YPL111W/YJR009C/YAL038W/YCL064C/YGR019W/YHR174W/YLR231C/YOR391C/YPL061W/YOL055C/YHL032C/YCL040W/YPR006C/YML070W/YER010C/YDR050C/YJR148W/YGL205W/YDR380W/YLR142W/YIL155C/YER003C/YHR104W/YEL020C/YMR278W/YPR001W/YLR134W/YFR053C/YMR205C/YDL021W/YGL253W/YGR240C/YHR208W/YLR438W/YPL028W/YJR019C/YJR078W/YBR208C/YOR347C/YJR030C/YPL275W/YIL160C/YDL219W/YHR210C/YFL053W,62
GO:0009191,ribonucleoside diphosphate catabolic process,23/877,33/6449,0.696969696969697,5.1251511696209535,9.42478426187663,2.1699661589467136e-13,1.4168070712789585e-11,1.2267922714396114e-11,YJL052W/YLR377C/YKL152C/YCR012W/YKL060C/YBR196C/YLR446W/YJR009C/YAL038W/YOR393W/YHR174W/YCL040W/YDR050C/YFR053C/YPL075W/YMR205C/YDL021W/YGL253W/YGR240C/YER005W/YMR323W/YOR344C/YOR347C,23
GO:0006006,glucose metabolic process,37/877,77/6449,0.4805194805194805,3.5334893157014022,8.87224065545985,2.4507622567515345e-13,1.536137782531862e-11,1.330118967980096e-11,YGR087C/YKR097W/YJL052W/YLR377C/YNR071C/YOL126C/YMR145C/YKL152C/YCR012W/YOL086C/YLR044C/YKL060C/YBR196C/YOR047C/YLR446W/YMR170C/YGL062W/YJR009C/YAL038W/YHR174W/YPL061W/YCL040W/YDR050C/YMR278W/YLR134W/YFR053C/YMR205C/YDL021W/YKL038W/YGL253W/YBR239C/YGR240C/YNL241C/YHR043C/YDL085W/YOR347C/YHR210C,37
GO:0006753,nucleoside phosphate metabolic process,78/877,254/6449,0.30708661417322836,2.2581545892852333,8.115905214085561,4.241346897643566e-13,2.5562271494644105e-11,2.2133992514423306e-11,YJL052W/YLR377C/YNL141W/YNR001C/YMR271C/YKL016C/YKL152C/YCR012W/YGR256W/YKL060C/YBR196C/YDL055C/YLR446W/YMR170C/YJL116C/YGR248W/YJR009C/YAL038W/YOR393W/YLR174W/YLR295C/YHR174W/YLR231C/YOR317W/YPL061W/YKL035W/YJR121W/YPL271W/YMR315W/YER037W/YML075C/YKL001C/YMR169C/YNL129W/YML081C-A/YCL040W/YDR322C-A/YPR020W/YDL004W/YDR050C/YIL155C/YBR117C/YER003C/YNL200C/YGR043C/YHR183W/YJR010W/YFR053C/YMR207C/YPL075W/YMR205C/YHR202W/YDL021W/YOL077W-A/YGL253W/YPR074C/YER055C/YGL126W/YJR103W/YKR080W/YGR240C/YNL241C/YJR019C/YOR222W/YOR128C/YJR078W/YNR034W/YER005W/YCR026C/YOR095C/YMR323W/YNR012W/YML022W/YOR344C/YOR347C/YCL047C/YCR073W-A/YDL166C,78
GO:0009144,purine nucleoside triphosphate metabolic process,32/877,61/6449,0.5245901639344263,3.857562106286334,8.89579772215607,4.733529230293906e-13,2.7472001125446484e-11,2.3787599133913626e-11,YJL052W/YLR377C/YKL016C/YKL152C/YCR012W/YKL060C/YBR196C/YLR446W/YJL116C/YJR009C/YAL038W/YOR393W/YLR295C/YHR174W/YJR121W/YPL271W/YML081C-A/YCL040W/YDR322C-A/YPR020W/YDL004W/YDR050C/YFR053C/YPL075W/YMR205C/YDL021W/YOL077W-A/YGL253W/YGR240C/YMR323W/YOR344C/YOR347C,32
GO:0009134,nucleoside diphosphate catabolic process,23/877,34/6449,0.6764705882352942,4.974411429337984,9.217660501471775,5.853958070847244e-13,3.1631559644888384e-11,2.738929928610562e-11,YJL052W/YLR377C/YKL152C/YCR012W/YKL060C/YBR196C/YLR446W/YJR009C/YAL038W/YOR393W/YHR174W/YCL040W/YDR050C/YFR053C/YPL075W/YMR205C/YDL021W/YGL253W/YGR240C/YER005W/YMR323W/YOR344C/YOR347C,23
GO:0019364,pyridine nucleotide catabolic process,23/877,34/6449,0.6764705882352942,4.974411429337984,9.217660501471775,5.853958070847244e-13,3.1631559644888384e-11,2.738929928610562e-11,YJL052W/YLR377C/YKL152C/YCR012W/YKL060C/YBR196C/YLR446W/YJR009C/YAL038W/YOR393W/YHR174W/YCL040W/YDR050C/YFR053C/YPL075W/YMR205C/YHR202W/YDL021W/YGL253W/YGR240C/YMR323W/YOR344C/YOR347C,23
GO:0006113,fermentation,24/877,37/6449,0.6486486486486487,4.769823415205399,9.12287806114003,7.368018414191221e-13,3.848561618345881e-11,3.332412538909643e-11,YGR087C/YJL052W/YLR377C/YMR145C/YKL152C/YCR012W/YOL086C/YLR044C/YKL060C/YBR196C/YMR170C/YJR009C/YAL038W/YHR174W/YPL061W/YCL040W/YML070W/YDR050C/YLR134W/YFR053C/YGL253W/YDL085W/YOR347C/YFL053W,24
GO:0006096,glycolytic process,22/877,32/6449,0.6875,5.055515963511973,9.123507679640902,1.1384972828246424e-12,5.247133065253572e-11,4.5434148531299195e-11,YJL052W/YLR377C/YKL152C/YCR012W/YKL060C/YBR196C/YLR446W/YJR009C/YAL038W/YOR393W/YHR174W/YCL040W/YDR050C/YFR053C/YPL075W/YMR205C/YDL021W/YGL253W/YGR240C/YMR323W/YOR344C/YOR347C,22
GO:0009137,purine nucleoside diphosphate catabolic process,22/877,32/6449,0.6875,5.055515963511973,9.123507679640902,1.1384972828246424e-12,5.247133065253572e-11,4.5434148531299195e-11,YJL052W/YLR377C/YKL152C/YCR012W/YKL060C/YBR196C/YLR446W/YJR009C/YAL038W/YOR393W/YHR174W/YCL040W/YDR050C/YFR053C/YPL075W/YMR205C/YDL021W/YGL253W/YGR240C/YMR323W/YOR344C/YOR347C,22
GO:0009181,purine ribonucleoside diphosphate catabolic process,22/877,32/6449,0.6875,5.055515963511973,9.123507679640902,1.1384972828246424e-12,5.247133065253572e-11,4.5434148531299195e-11,YJL052W/YLR377C/YKL152C/YCR012W/YKL060C/YBR196C/YLR446W/YJR009C/YAL038W/YOR393W/YHR174W/YCL040W/YDR050C/YFR053C/YPL075W/YMR205C/YDL021W/YGL253W/YGR240C/YMR323W/YOR344C/YOR347C,22
GO:0046032,ADP catabolic process,22/877,32/6449,0.6875,5.055515963511973,9.123507679640902,1.1384972828246424e-12,5.247133065253572e-11,4.5434148531299195e-11,YJL052W/YLR377C/YKL152C/YCR012W/YKL060C/YBR196C/YLR446W/YJR009C/YAL038W/YOR393W/YHR174W/YCL040W/YDR050C/YFR053C/YPL075W/YMR205C/YDL021W/YGL253W/YGR240C/YMR323W/YOR344C/YOR347C,22
GO:0009261,ribonucleotide catabolic process,23/877,35/6449,0.6571428571428571,4.832285388499756,9.018496579583218,1.490237437054429e-12,6.672005896755116e-11,5.777191146956869e-11,YJL052W/YLR377C/YKL152C/YCR012W/YKL060C/YBR196C/YLR446W/YJR009C/YAL038W/YOR393W/YHR174W/YCL040W/YDR050C/YFR053C/YPL075W/YMR205C/YDL021W/YGL253W/YGR240C/YER005W/YMR323W/YOR344C/YOR347C,23
GO:0009166,nucleotide catabolic process,25/877,41/6449,0.6097560975609756,4.483827905553856,8.877570452938366,1.8782091052625653e-12,8.175426855406778e-11,7.078981101413587e-11,YJL052W/YLR377C/YKL152C/YCR012W/YKL060C/YBR196C/YLR446W/YJR009C/YAL038W/YOR393W/YHR174W/YER037W/YCL040W/YDR050C/YFR053C/YPL075W/YMR205C/YHR202W/YDL021W/YGL253W/YGR240C/YER005W/YMR323W/YOR344C/YOR347C,25
GO:0015980,energy derivation by oxidation of organic compounds,69/877,218/6449,0.3165137614678899,2.327476907304928,7.910120569313983,2.1347495000393065e-12,9.04095261232863e-11,7.828427042818397e-11,YGR087C/YJL052W/YLR377C/YPL262W/YNR001C/YOL126C/YMR145C/YKL152C/YMR118C/YCR012W/YOL086C/YIL045W/YLR044C/YKL060C/YBR196C/YMR002W/YFR015C/YLR446W/YMR170C/YGL062W/YJL116C/YJR009C/YAL038W/YOR393W/YLR174W/YLR164W/YPR184W/YHR174W/YPL061W/YKL035W/YJR121W/YPL271W/YNL037C/YLR038C/YER065C/YCL040W/YIL111W/YDR529C/YJR048W/YML070W/YDR050C/YDL067C/YPR001W/YJL166W/YJR120W/YLR134W/YJL200C/YFR053C/YNL052W/YPL075W/YFR049W/YMR205C/YIL070C/YDL021W/YBR238C/YGL253W/YLR395C/YMR256C/YLR304C/YGR240C/YIL099W/YOR356W/YKR058W/YDL085W/YMR323W/YFR021W/YOR344C/YOR347C/YFL053W,69
GO:0046434,organophosphate catabolic process,34/877,71/6449,0.4788732394366197,3.5213837185025776,8.474861670217201,2.6368953801507547e-12,1.0873723843937455e-10,9.415396523585383e-11,YJL052W/YLR377C/YNR071C/YNR001C/YKL152C/YCR012W/YKL060C/YBR196C/YLR446W/YJR009C/YAL038W/YOR393W/YHR174W/YOL059W/YER037W/YKR031C/YCL040W/YDR050C/YDL022W/YFR053C/YPL075W/YMR205C/YPL206C/YHR202W/YDL021W/YGL253W/YGL126W/YGR240C/YER005W/YMR323W/YCR068W/YOR344C/YOR347C/YHR210C,34
GO:0072526,pyridine-containing compound catabolic process,23/877,36/6449,0.6388888888888888,4.698055238819207,8.826749094178108,3.6019903476598853e-12,1.4472612499443693e-10,1.2531620939631827e-10,YJL052W/YLR377C/YKL152C/YCR012W/YKL060C/YBR196C/YLR446W/YJR009C/YAL038W/YOR393W/YHR174W/YCL040W/YDR050C/YFR053C/YPL075W/YMR205C/YHR202W/YDL021W/YGL253W/YGR240C/YMR323W/YOR344C/YOR347C,23
GO:0019318,hexose metabolic process,41/877,98/6449,0.41836734693877553,3.076454983361646,8.217150833244911,3.809075055814243e-12,1.4922051531152296e-10,1.2920783544590945e-10,YGR087C/YKR097W/YJL052W/YLR377C/YNR071C/YOL126C/YMR145C/YKL152C/YCR012W/YOL086C/YLR044C/YKL060C/YBR196C/YDL055C/YOR047C/YLR446W/YMR170C/YGL062W/YJR009C/YAL038W/YHR174W/YPL061W/YCL040W/YDR050C/YER003C/YHR104W/YMR278W/YLR134W/YFR053C/YMR205C/YDL021W/YKL038W/YGL253W/YBR239C/YGR240C/YNL241C/YHR043C/YDL085W/YOR347C/YJR030C/YHR210C,41
GO:0019658,glucose fermentation to lactate and acetate,20/877,28/6449,0.7142857142857143,5.252484117934517,8.94596383614216,4.067128550000578e-12,1.517426294726406e-10,1.3139169676568283e-10,YGR087C/YJL052W/YLR377C/YKL152C/YCR012W/YOL086C/YLR044C/YKL060C/YBR196C/YMR170C/YJR009C/YAL038W/YHR174W/YPL061W/YCL040W/YDR050C/YLR134W/YFR053C/YGL253W/YOR347C,20
GO:0019659,glucose catabolic process to lactate,20/877,28/6449,0.7142857142857143,5.252484117934517,8.94596383614216,4.067128550000578e-12,1.517426294726406e-10,1.3139169676568283e-10,YGR087C/YJL052W/YLR377C/YKL152C/YCR012W/YOL086C/YLR044C/YKL060C/YBR196C/YMR170C/YJR009C/YAL038W/YHR174W/YPL061W/YCL040W/YDR050C/YLR134W/YFR053C/YGL253W/YOR347C,20
GO:0005996,monosaccharide metabolic process,43/877,107/6449,0.40186915887850466,2.955135924295868,8.090260073049496,5.7618454338849e-12,2.0997236732320087e-10,1.818119648537977e-10,YGR087C/YKR097W/YJL052W/YLR377C/YNR071C/YOL126C/YMR145C/YKL152C/YCR012W/YOL086C/YLR044C/YKL060C/YBR196C/YDL055C/YJR096W/YOR047C/YLR446W/YMR170C/YGL062W/YJR009C/YAL038W/YHR174W/YPL061W/YCL040W/YDR050C/YER003C/YHR104W/YMR278W/YLR134W/YFR053C/YMR205C/YDL021W/YKL038W/YGL253W/YBR239C/YGR240C/YNL241C/YHR043C/YDL085W/YOR095C/YOR347C/YJR030C/YHR210C,43
GO:1901292,nucleoside phosphate catabolic process,27/877,49/6449,0.5510204081632653,4.051916319549484,8.5072154512601,7.0029399735807e-12,2.4940015769547634e-10,2.1595190492692637e-10,YJL052W/YLR377C/YNR001C/YKL152C/YCR012W/YKL060C/YBR196C/YLR446W/YJR009C/YAL038W/YOR393W/YHR174W/YER037W/YCL040W/YDR050C/YFR053C/YPL075W/YMR205C/YHR202W/YDL021W/YGL253W/YGL126W/YGR240C/YER005W/YMR323W/YOR344C/YOR347C,27
GO:0009154,purine ribonucleotide catabolic process,22/877,34/6449,0.6470588235294118,4.758132671540681,8.716055622736897,7.374353767617683e-12,2.512089642142806e-10,2.1751812371760167e-10,YJL052W/YLR377C/YKL152C/YCR012W/YKL060C/YBR196C/YLR446W/YJR009C/YAL038W/YOR393W/YHR174W/YCL040W/YDR050C/YFR053C/YPL075W/YMR205C/YDL021W/YGL253W/YGR240C/YMR323W/YOR344C/YOR347C,22
GO:0046031,ADP metabolic process,22/877,34/6449,0.6470588235294118,4.758132671540681,8.716055622736897,7.374353767617683e-12,2.512089642142806e-10,2.1751812371760167e-10,YJL052W/YLR377C/YKL152C/YCR012W/YKL060C/YBR196C/YLR446W/YJR009C/YAL038W/YOR393W/YHR174W/YCL040W/YDR050C/YFR053C/YPL075W/YMR205C/YDL021W/YGL253W/YGR240C/YMR323W/YOR344C/YOR347C,22
GO:0006195,purine nucleotide catabolic process,23/877,37/6449,0.6216216216216216,4.571080772905175,8.641925854216849,8.309085750769773e-12,2.7125702857200487e-10,2.348774458934701e-10,YJL052W/YLR377C/YKL152C/YCR012W/YKL060C/YBR196C/YLR446W/YJR009C/YAL038W/YOR393W/YHR174W/YCL040W/YDR050C/YFR053C/YPL075W/YMR205C/YHR202W/YDL021W/YGL253W/YGR240C/YMR323W/YOR344C/YOR347C,23
GO:0009185,ribonucleoside diphosphate metabolic process,23/877,37/6449,0.6216216216216216,4.571080772905175,8.641925854216849,8.309085750769773e-12,2.7125702857200487e-10,2.348774458934701e-10,YJL052W/YLR377C/YKL152C/YCR012W/YKL060C/YBR196C/YLR446W/YJR009C/YAL038W/YOR393W/YHR174W/YCL040W/YDR050C/YFR053C/YPL075W/YMR205C/YDL021W/YGL253W/YGR240C/YER005W/YMR323W/YOR344C/YOR347C,23
GO:0009135,purine nucleoside diphosphate metabolic process,22/877,35/6449,0.6285714285714286,4.622186023782375,8.524070875338351,1.7332089096263115e-11,5.43187672276886e-10,4.703381651596454e-10,YJL052W/YLR377C/YKL152C/YCR012W/YKL060C/YBR196C/YLR446W/YJR009C/YAL038W/YOR393W/YHR174W/YCL040W/YDR050C/YFR053C/YPL075W/YMR205C/YDL021W/YGL253W/YGR240C/YMR323W/YOR344C/YOR347C,22
GO:0009179,purine ribonucleoside diphosphate metabolic process,22/877,35/6449,0.6285714285714286,4.622186023782375,8.524070875338351,1.7332089096263115e-11,5.43187672276886e-10,4.703381651596454e-10,YJL052W/YLR377C/YKL152C/YCR012W/YKL060C/YBR196C/YLR446W/YJR009C/YAL038W/YOR393W/YHR174W/YCL040W/YDR050C/YFR053C/YPL075W/YMR205C/YDL021W/YGL253W/YGR240C/YMR323W/YOR344C/YOR347C,22
GO:0009060,aerobic respiration,50/877,140/6449,0.35714285714285715,2.6262420589672586,7.717483332950003,1.9798705245528607e-11,6.083249239165358e-10,5.267395471927012e-10,YJL052W/YLR377C/YPL262W/YNR001C/YOL126C/YKL152C/YMR118C/YCR012W/YKL060C/YBR196C/YMR002W/YLR446W/YGL062W/YJL116C/YJR009C/YAL038W/YOR393W/YLR174W/YLR164W/YHR174W/YJR121W/YPL271W/YNL037C/YLR038C/YER065C/YCL040W/YIL111W/YDR529C/YJR048W/YDR050C/YDL067C/YPR001W/YJL166W/YJL200C/YFR053C/YNL052W/YPL075W/YFR049W/YMR205C/YIL070C/YDL021W/YBR238C/YGL253W/YLR395C/YMR256C/YLR304C/YGR240C/YMR323W/YOR344C/YOR347C,50
GO:0009150,purine ribonucleotide metabolic process,36/877,83/6449,0.43373493975903615,3.1894602354686707,7.9643355322396445,2.2754546647283653e-11,6.856995114671824e-10,5.937370572540208e-10,YJL052W/YLR377C/YKL016C/YKL152C/YCR012W/YKL060C/YBR196C/YLR446W/YJL116C/YJR009C/YAL038W/YOR393W/YLR295C/YHR174W/YJR121W/YPL271W/YKL001C/YML081C-A/YCL040W/YDR322C-A/YPR020W/YDL004W/YDR050C/YJR010W/YFR053C/YPL075W/YMR205C/YDL021W/YOL077W-A/YGL253W/YGR240C/YOR128C/YMR323W/YML022W/YOR344C/YOR347C,36
GO:0006083,acetate metabolic process,21/877,33/6449,0.6363636363636364,4.679485850523479,8.4065671559372,3.590738488816434e-11,1.061639096599123e-9,9.192575793613473e-10,YGR087C/YJL052W/YLR377C/YKL152C/YCR012W/YOL086C/YLR044C/YKL060C/YBR196C/YMR170C/YJR009C/YAL038W/YHR174W/YPL061W/YCL040W/YBL015W/YDR050C/YLR134W/YFR053C/YGL253W/YOR347C,21
GO:0009259,ribonucleotide metabolic process,40/877,100/6449,0.4,2.94139110604333,7.761883666882716,3.817175805258825e-11,1.1076878679334406e-9,9.591305288457361e-10,YJL052W/YLR377C/YMR271C/YKL016C/YKL152C/YCR012W/YKL060C/YBR196C/YLR446W/YJL116C/YJR009C/YAL038W/YOR393W/YLR295C/YHR174W/YJR121W/YPL271W/YKL001C/YML081C-A/YCL040W/YDR322C-A/YPR020W/YDL004W/YDR050C/YJR010W/YFR053C/YPL075W/YMR205C/YDL021W/YOL077W-A/YGL253W/YJR103W/YGR240C/YOR128C/YER005W/YMR323W/YNR012W/YML022W/YOR344C/YOR347C,40
GO:0006089,lactate metabolic process,23/877,39/6449,0.5897435897435898,4.336666374294652,8.291303844500419,3.909240140113461e-11,1.1137780544650534e-9,9.644039312165073e-10,YGR087C/YJL052W/YLR377C/YKL152C/YCR012W/YOL086C/YLR044C/YKL060C/YBR196C/YEL071W/YMR170C/YJR009C/YAL038W/YHR174W/YOR391C/YPL061W/YCL040W/YDR050C/YLR134W/YFR053C/YGL253W/YML054C/YOR347C,23
GO:0045333,cellular respiration,52/877,153/6449,0.33986928104575165,2.4992212012132864,7.445362166571747,6.618125393029938e-11,1.8518933019424845e-9,1.6035269984239831e-9,YJL052W/YLR377C/YPL262W/YNR001C/YOL126C/YKL152C/YMR118C/YCR012W/YKL060C/YBR196C/YMR002W/YLR446W/YGL062W/YJL116C/YJR009C/YAL038W/YOR393W/YLR174W/YLR164W/YHR174W/YJR121W/YPL271W/YNL037C/YLR038C/YER065C/YCL040W/YIL111W/YDR529C/YJR048W/YDR050C/YDL067C/YPR001W/YJL166W/YJR120W/YJL200C/YFR053C/YNL052W/YPL075W/YFR049W/YMR205C/YIL070C/YDL021W/YBR238C/YGL253W/YLR395C/YMR256C/YLR304C/YGR240C/YOR356W/YMR323W/YOR344C/YOR347C,52
GO:0009132,nucleoside diphosphate metabolic process,23/877,40/6449,0.575,4.228249714937286,8.124726276290701,8.029139634485092e-11,2.207309088989147e-9,1.9112762675625636e-9,YJL052W/YLR377C/YKL152C/YCR012W/YKL060C/YBR196C/YLR446W/YJR009C/YAL038W/YOR393W/YHR174W/YCL040W/YDR050C/YFR053C/YPL075W/YMR205C/YDL021W/YGL253W/YGR240C/YER005W/YMR323W/YOR344C/YOR347C,23
GO:0061615,glycolytic process through fructose-6-phosphate,14/877,17/6449,0.8235294117647058,6.055805218324502,8.280346941560031,3.0782943324624747e-10,8.175741049099487e-9,7.079253157081409e-9,YJL052W/YLR377C/YKL152C/YCR012W/YKL060C/YBR196C/YJR009C/YAL038W/YHR174W/YDR050C/YMR205C/YDL021W/YGR240C/YOR347C,14
GO:0061620,glycolytic process through glucose-6-phosphate,14/877,17/6449,0.8235294117647058,6.055805218324502,8.280346941560031,3.0782943324624747e-10,8.175741049099487e-9,7.079253157081409e-9,YJL052W/YLR377C/YKL152C/YCR012W/YKL060C/YBR196C/YJR009C/YAL038W/YHR174W/YDR050C/YMR205C/YDL021W/YGR240C/YOR347C,14
GO:0019693,ribose phosphate metabolic process,40/877,107/6449,0.37383177570093457,2.748963650507785,7.237128945914036,4.3970540401430214e-10,1.1483639468173524e-8,9.943513434639219e-9,YJL052W/YLR377C/YMR271C/YKL016C/YKL152C/YCR012W/YKL060C/YBR196C/YLR446W/YJL116C/YJR009C/YAL038W/YOR393W/YLR295C/YHR174W/YJR121W/YPL271W/YKL001C/YML081C-A/YCL040W/YDR322C-A/YPR020W/YDL004W/YDR050C/YJR010W/YFR053C/YPL075W/YMR205C/YDL021W/YOL077W-A/YGL253W/YJR103W/YGR240C/YOR128C/YER005W/YMR323W/YNR012W/YML022W/YOR344C/YOR347C,40
GO:1901136,carbohydrate derivative catabolic process,28/877,61/6449,0.45901639344262296,3.375366843000542,7.394688956983225,7.966240317428367e-10,2.0464096028541395e-8,1.7719557841527465e-8,YJL052W/YLR377C/YNR071C/YKL152C/YCR012W/YKL060C/YBR196C/YLR446W/YJR009C/YAL038W/YOR393W/YHR174W/YOL059W/YCL040W/YDR050C/YDL022W/YMR278W/YFR053C/YPL075W/YMR205C/YDL021W/YGL253W/YGR240C/YER005W/YMR323W/YOR344C/YOR347C/YHR210C,28
GO:0051156,glucose 6-phosphate metabolic process,15/877,21/6449,0.7142857142857143,5.252484117934517,7.743212373109068,2.2007344162399297e-9,5.5621787584644674e-8,4.816208255574311e-8,YGR256W/YBR196C/YLR446W/YGR248W/YCL040W/YBR117C/YGR043C/YHR183W/YFR053C/YGL253W/YPR074C/YNL241C/YNR034W/YOR095C/YCR073W-A,15
GO:0006066,alcohol metabolic process,44/877,132/6449,0.3333333333333333,2.451159255036108,6.682721467652346,4.018254798636753e-9,9.994611538831415e-8,8.654186191215997e-8,YGR087C/YCR105W/YNR073C/YMR145C/YIL053W/YOL086C/YLR044C/YAL060W/YAL061W/YMR170C/YLR174W/YML087C/YPL201C/YOL059W/YER062C/YPL061W/YOL055C/YGR060W/YNL037C/YHL032C/YML075C/YHR190W/YGR144W/YML070W/YGR175C/YDR050C/YDL022W/YDR380W/YIL155C/YEL070W/YLR134W/YNR019W/YBR240C/YHR079C/YMR015C/YGL001C/YPL028W/YGL012W/YDL085W/YPL214C/YPR121W/YFL059W/YFL053W/YMR070W,44
GO:0006090,pyruvate metabolic process,22/877,43/6449,0.5116279069767442,3.7622444379623983,7.209574360945495,4.16994354147494e-9,1.0209846139830048e-7,8.84055464631776e-8,YJL052W/YLR377C/YKL152C/YCR012W/YKL060C/YBR196C/YLR446W/YJR009C/YAL038W/YOR393W/YHR174W/YCL040W/YDR050C/YFR053C/YPL075W/YMR205C/YDL021W/YGL253W/YGR240C/YMR323W/YOR344C/YOR347C,22
GO:0044283,small molecule biosynthetic process,89/877,372/6449,0.239247311827957,1.7592997878888195,5.984762045765799,2.1337971346007426e-8,5.144092476799021e-7,4.454193532794101e-7,YGR087C/YKR097W/YPL095C/YJL052W/YLR377C/YGL055W/YMR271C/YOL126C/YIL053W/YKL152C/YCR012W/YOL086C/YLR044C/YKL060C/YLR303W/YBR196C/YEL071W/YAL060W/YAL061W/YOR047C/YAL012W/YMR170C/YGL062W/YJR009C/YLR174W/YPR035W/YML087C/YER052C/YHR174W/YLR231C/YPL201C/YOL059W/YOR391C/YER062C/YPL061W/YPR167C/YCL018W/YMR272C/YOL055C/YGR060W/YNL037C/YML075C/YKL001C/YMR169C/YHR190W/YOR375C/YMR009W/YGR144W/YGR175C/YDR050C/YOL058W/YJR148W/YDL022W/YDR380W/YLR372W/YDR354W/YGR124W/YMR278W/YLR134W/YJR010W/YJL200C/YMR207C/YGL148W/YLL062C/YBR240C/YIL074C/YER055C/YBR239C/YBR084W/YHR208W/YHR067W/YMR015C/YLR438W/YGL001C/YER061C/YPL028W/YJR019C/YGL012W/YIR017C/YJR137C/YPL214C/YOR095C/YNR012W/YML022W/YPR121W/YCR034W/YFL059W/YPL252C/YMR070W,89
GO:0006740,NADPH regeneration,12/877,16/6449,0.75,5.515108323831243,7.173451179175213,4.017651165784272e-8,9.538877843612052e-7,8.259573130296534e-7,YGR256W/YGR248W/YPL061W/YMR315W/YBR117C/YGR043C/YHR183W/YPR074C/YNL241C/YNR034W/YOR095C/YCR073W-A,12
GO:0019637,organophosphate metabolic process,100/877,450/6449,0.2222222222222222,1.634106170024072,5.532680127206719,1.485778346106643e-7,3.474947266192701e-6,3.008905401620523e-6,YJL052W/YLR377C/YNL141W/YNR071C/YNR001C/YKL165C/YMR271C/YKL016C/YKL152C/YCR012W/YGR256W/YKL060C/YBR196C/YDL055C/YLR446W/YMR170C/YJL116C/YGR248W/YJR009C/YAL038W/YOR393W/YLR174W/YLR295C/YHR174W/YLR231C/YOR317W/YLR168C/YOL059W/YPL061W/YKL035W/YJR121W/YPL271W/YMR315W/YMR272C/YER037W/YOL055C/YHL032C/YML075C/YKL001C/YMR169C/YHR190W/YNL129W/YKR031C/YML081C-A/YCL040W/YDR322C-A/YML070W/YPR020W/YDL004W/YDR050C/YDL022W/YIL155C/YBR117C/YER003C/YNL200C/YGR043C/YHR183W/YJR010W/YFR053C/YMR207C/YPL075W/YMR205C/YPL206C/YHR202W/YDL021W/YOL077W-A/YGL253W/YNL264C/YPR074C/YER055C/YGL126W/YJR103W/YKR080W/YGR240C/YNL241C/YPL028W/YJR019C/YOR222W/YOR128C/YJR078W/YNR034W/YER005W/YPL214C/YCR026C/YOR095C/YLR099C/YMR323W/YNR012W/YCR068W/YML022W/YBL091C-A/YOR344C/YOR347C/YCL047C/YJL145W/YFL059W/YCR073W-A/YHR210C/YDL166C/YFL053W,100
GO:1902600,proton transmembrane transport,35/877,105/6449,0.3333333333333333,2.451159255036108,5.947506092035219,1.5951211405056506e-7,3.6758159223122858e-6,3.1828345976962593e-6,YHR094C/YNR072W/YDR345C/YDR536W/YKL016C/YHR092C/YEL069C/YLR295C/YJR121W/YPL271W/YLR038C/YML081C-A/YDR322C-A/YIL111W/YDR529C/YKL217W/YPR020W/YDL004W/YDL245C/YDL067C/YDR342C/YJL166W/YHR096C/YNL052W/YMR205C/YGL008C/YML123C/YOL077W-A/YLR395C/YMR256C/YGR240C/YDL138W/YDR343C/YLR136C/YJL214W,35
GO:0098660,inorganic ion transmembrane transport,52/877,189/6449,0.2751322751322751,2.023179067648851,5.663724754765547,2.3113790664698641e-7,5.2491753582004015e-6,4.545183244362556e-6,YHR094C/YNR072W/YDR345C/YDR536W/YMR319C/YKL016C/YHR092C/YBR294W/YEL069C/YLR295C/YJR121W/YPL271W/YPR124W/YLR038C/YML081C-A/YDR322C-A/YIL111W/YDR529C/YKL217W/YPR020W/YER053C/YDL004W/YDL245C/YDL067C/YDR342C/YJL166W/YHR096C/YBR235W/YNL052W/YMR205C/YGL008C/YML123C/YNL142W/YMR279C/YOL077W-A/YOL130W/YLR395C/YMR256C/YJR077C/YGR240C/YDR135C/YDL138W/YDR343C/YNR002C/YGR121C/YCR037C/YMR301C/YER145C/YOR390W/YLR136C/YJL214W/YBR296C,52
GO:0015755,fructose transmembrane transport,12/877,18/6449,0.6666666666666666,4.902318510072216,6.576979207831182,3.147321706195029e-7,7.045504448010872e-6,6.100598013962996e-6,YHR094C/YNR072W/YDR345C/YHR092C/YEL069C/YDL245C/YDR342C/YHR096C/YFR053C/YGL253W/YDR343C/YJL214W,12
GO:0006098,pentose-phosphate shunt,10/877,13/6449,0.7692307692307693,5.656521357775635,6.667023944545572,4.001020910611034e-7,8.830422206940128e-6,7.646131881063933e-6,YGR256W/YGR248W/YBR117C/YGR043C/YHR183W/YPR074C/YNL241C/YNR034W/YOR095C/YCR073W-A,10
GO:0098662,inorganic cation transmembrane transport,47/877,168/6449,0.27976190476190477,2.057222946191019,5.508249224093367,5.233325385408705e-7,1.1389751220743667e-5,9.862216990923715e-6,YHR094C/YNR072W/YDR345C/YDR536W/YMR319C/YKL016C/YHR092C/YEL069C/YLR295C/YJR121W/YPL271W/YPR124W/YLR038C/YML081C-A/YDR322C-A/YIL111W/YDR529C/YKL217W/YPR020W/YER053C/YDL004W/YDL245C/YDL067C/YDR342C/YJL166W/YHR096C/YBR235W/YNL052W/YMR205C/YGL008C/YML123C/YNL142W/YOL077W-A/YOL130W/YLR395C/YMR256C/YGR240C/YDR135C/YDL138W/YDR343C/YNR002C/YGR121C/YMR301C/YER145C/YLR136C/YJL214W/YBR296C,47
GO:0008643,carbohydrate transport,18/877,40/6449,0.45,3.309064994298746,5.811359928581767,1.26862878249357e-6,2.723207263243047e-5,2.3579848603233045e-5,YHR094C/YNR072W/YDR345C/YDR536W/YHR092C/YEL069C/YCL040W/YPR026W/YDL245C/YDR342C/YPR115W/YHR096C/YFR053C/YGL253W/YDR277C/YDL138W/YDR343C/YJL214W,18
GO:0008645,hexose transmembrane transport,14/877,26/6449,0.5384615384615384,3.9595649504429433,5.998633735472976,1.3184783877536522e-6,2.7547408448132974e-5,2.3852893218448527e-5,YHR094C/YNR072W/YDR345C/YHR092C/YEL069C/YCL040W/YDL245C/YDR342C/YHR096C/YFR053C/YGL253W/YDR277C/YDR343C/YJL214W,14
GO:0015749,monosaccharide transmembrane transport,14/877,26/6449,0.5384615384615384,3.9595649504429433,5.998633735472976,1.3184783877536522e-6,2.7547408448132974e-5,2.3852893218448527e-5,YHR094C/YNR072W/YDR345C/YHR092C/YEL069C/YCL040W/YDL245C/YDR342C/YHR096C/YFR053C/YGL253W/YDR277C/YDR343C/YJL214W,14
GO:0046942,carboxylic acid transport,27/877,77/6449,0.35064935064935066,2.5784922033496724,5.527855441935465,1.3656503114232757e-6,2.8157553131582537e-5,2.4381208468484797e-5,YDL210W/YCL025C/YJR095W/YJL079C/YBR068C/YOR317W/YOR348C/YPL265W/YKL217W/YGR260W/YEL063C/YGR243W/YNL065W/YGR191W/YAL067C/YMR241W/YKR013W/YBR043C/YER119C/YOR222W/YAR035W/YBR069C/YNR002C/YJL193W/YHL036W/YDR508C/YGR055W,27
GO:0006739,NADP+ metabolic process,13/877,23/6449,0.5652173913043478,4.156313519409053,6.0156207699845226,1.527589792409696e-6,3.108744421696096e-5,2.6918157791060812e-5,YGR256W/YGR248W/YLR174W/YPL061W/YMR315W/YBR117C/YGR043C/YHR183W/YPR074C/YNL241C/YNR034W/YOR095C/YCR073W-A,13
GO:0016051,carbohydrate biosynthetic process,33/877,105/6449,0.3142857142857143,2.3110930118911877,5.373451361996528,1.6400920934762485e-6,3.294902962150361e-5,2.8530077037663757e-5,YKR097W/YJL052W/YLR377C/YOL126C/YIL053W/YKL152C/YCR012W/YJL034W/YIL045W/YKL060C/YBR196C/YDR074W/YFR015C/YGL062W/YJR009C/YPR184W/YHR174W/YPL201C/YOL059W/YER062C/YKL035W/YBR126C/YGR143W/YDR050C/YDL022W/YML100W/YMR215W/YBR239C/YFR042W/YPL227C/YKR058W/YDL049C/YOL132W,33
GO:0015849,organic acid transport,27/877,78/6449,0.34615384615384615,2.545434610999035,5.4475458010768145,1.8233444586270817e-6,3.616684514770427e-5,3.1316335871689656e-5,YDL210W/YCL025C/YJR095W/YJL079C/YBR068C/YOR317W/YOR348C/YPL265W/YKL217W/YGR260W/YEL063C/YGR243W/YNL065W/YGR191W/YAL067C/YMR241W/YKR013W/YBR043C/YER119C/YOR222W/YAR035W/YBR069C/YNR002C/YJL193W/YHL036W/YDR508C/YGR055W,27
GO:0003333,amino acid transmembrane transport,20/877,50/6449,0.4,2.94139110604333,5.466995796637051,3.1535113062071674e-6,6.176940271033289e-5,5.34852114960663e-5,YCL025C/YGR125W/YBR068C/YOR348C/YPL265W/YEL063C/YNL065W/YGR191W/YMR088C/YBR043C/YDR046C/YER119C/YOR222W/YBR069C/YHL036W/YCL038C/YDR508C/YPL274W/YNL270C/YGR055W,20
GO:0006071,glycerol metabolic process,10/877,15/6449,0.6666666666666666,4.902318510072216,6.002533221687473,3.2388577065375874e-6,6.265790155733827e-5,5.4254549496126714e-5,YIL053W/YPL201C/YOL059W/YER062C/YHL032C/YML070W/YDR050C/YDL022W/YIL155C/YFL053W,10
GO:0006865,amino acid transport,22/877,59/6449,0.3728813559322034,2.7419747598709003,5.332418076852753,4.074869946155359e-6,7.786977080031033e-5,6.74262819075001e-5,YDL210W/YCL025C/YGR142W/YGR125W/YBR068C/YOR348C/YPL265W/YEL063C/YNL065W/YGR191W/YMR088C/YBR043C/YDR046C/YER119C/YOR222W/YBR069C/YHL036W/YCL038C/YDR508C/YPL274W/YNL270C/YGR055W,22
GO:0034219,carbohydrate transmembrane transport,17/877,39/6449,0.4358974358974359,3.205362102739526,5.480118546411505,4.3054435125080145e-6,8.128469860361516e-5,7.038321734461422e-5,YHR094C/YNR072W/YDR345C/YDR536W/YHR092C/YEL069C/YCL040W/YDL245C/YDR342C/YPR115W/YHR096C/YFR053C/YGL253W/YDR277C/YDL138W/YDR343C/YJL214W,17
GO:0006811,monoatomic ion transport,56/877,230/6449,0.24347826086956523,1.790411977591592,4.842436222817711,5.684848374608507e-6,1.0604949289299442e-4,9.182668615125772e-5,YHR094C/YNR072W/YDR345C/YDR536W/YMR319C/YKL016C/YHR092C/YBR294W/YEL069C/YLR295C/YJR121W/YPL271W/YOR384W/YPR124W/YLR038C/YML081C-A/YDR322C-A/YIL111W/YDR529C/YKL217W/YPR020W/YER053C/YDL004W/YDL245C/YLL009C/YDL067C/YDR342C/YGR191W/YJL166W/YHR096C/YOL152W/YBR235W/YNL052W/YMR205C/YOR381W/YGL008C/YML123C/YOL077W-A/YOL130W/YLR395C/YMR256C/YMR203W/YGR240C/YDR135C/YOR383C/YDL138W/YDR343C/YNR002C/YMR301C/YEL065W/YER145C/YOR390W/YLR136C/YOR382W/YJL214W/YBR296C,56
GO:1901135,carbohydrate derivative metabolic process,71/877,316/6449,0.22468354430379747,1.6522054472237058,4.716265417103856,7.178470017118395e-6,1.3233720608028853e-4,1.1458882788935742e-4,YJL052W/YLR377C/YNR071C/YKL165C/YMR271C/YKL016C/YKL152C/YCR012W/YGR256W/YKL060C/YBR196C/YDL055C/YOR047C/YLR446W/YJL116C/YGR248W/YJR009C/YAL038W/YOR393W/YLR295C/YHR174W/YOL059W/YKL035W/YJR121W/YPL271W/YHL032C/YKL001C/YNL129W/YML081C-A/YCL040W/YDR322C-A/YML070W/YPR020W/YDL004W/YDR050C/YDL022W/YIL155C/YBR117C/YER003C/YMR278W/YGR043C/YGR189C/YHR183W/YJR010W/YFR053C/YPL075W/YMR205C/YDL021W/YOL077W-A/YGL253W/YPR074C/YJR103W/YGR240C/YKR061W/YOR198C/YNL241C/YPL227C/YOR128C/YNR034W/YER005W/YOR095C/YMR323W/YNR012W/YML022W/YOR344C/YOR347C/YCR073W-A/YHR210C/YFL053W/YHR142W/YPL067C,71
GO:0015761,mannose transmembrane transport,10/877,16/6449,0.625,4.595923603192702,5.713081627609428,7.585377216646241e-6,1.382126290521472e-4,1.1967626967266836e-4,YHR094C/YNR072W/YDR345C/YHR092C/YEL069C/YDL245C/YDR342C/YHR096C/YDR343C/YJL214W,10
GO:0046165,alcohol biosynthetic process,28/877,88/6449,0.3181818181818182,2.3397429252617394,5.020036419046412,7.70669715571945e-6,1.3880913152887792e-4,1.2019277233783875e-4,YGR087C/YIL053W/YOL086C/YLR044C/YAL060W/YAL061W/YML087C/YPL201C/YOL059W/YER062C/YOL055C/YGR060W/YML075C/YHR190W/YGR144W/YGR175C/YDL022W/YDR380W/YLR134W/YBR240C/YMR015C/YGL001C/YPL028W/YGL012W/YPL214C/YPR121W/YFL059W/YMR070W,28
GO:0006812,monoatomic cation transport,52/877,211/6449,0.24644549763033174,1.8122314871357006,4.758884024941465,8.510973656728662e-6,1.5155336045561153e-4,1.312278115253977e-4,YHR094C/YNR072W/YDR345C/YDR536W/YMR319C/YKL016C/YHR092C/YEL069C/YLR295C/YJR121W/YPL271W/YOR384W/YPR124W/YLR038C/YML081C-A/YDR322C-A/YIL111W/YDR529C/YKL217W/YPR020W/YER053C/YDL004W/YDL245C/YLL009C/YDL067C/YDR342C/YGR191W/YJL166W/YHR096C/YOL152W/YBR235W/YNL052W/YMR205C/YOR381W/YGL008C/YML123C/YOL077W-A/YOL130W/YLR395C/YMR256C/YGR240C/YDR135C/YOR383C/YDL138W/YDR343C/YMR301C/YEL065W/YER145C/YLR136C/YOR382W/YJL214W/YBR296C,52
GO:0034308,primary alcohol metabolic process,16/877,37/6449,0.43243243243243246,3.1798822768035997,5.275260405754576,9.367250703774464e-6,1.6492676239117512e-4,1.428076423082825e-4,YGR087C/YMR145C/YOL086C/YLR044C/YMR170C/YPL061W/YOL055C/YGR144W/YML070W/YLR134W/YBR240C/YDL085W/YPL214C/YPR121W/YFL059W/YFL053W,16
GO:0034220,monoatomic ion transmembrane transport,46/877,180/6449,0.25555555555555554,1.8792220955276826,4.74616102414833,1.0294453465781592e-5,1.7923787312088617e-4,1.551994212560523e-4,YHR094C/YNR072W/YDR345C/YDR536W/YMR319C/YKL016C/YHR092C/YBR294W/YEL069C/YLR295C/YJR121W/YPL271W/YPR124W/YLR038C/YML081C-A/YDR322C-A/YIL111W/YDR529C/YKL217W/YPR020W/YER053C/YDL004W/YDL245C/YDL067C/YDR342C/YJL166W/YHR096C/YBR235W/YNL052W/YMR205C/YGL008C/YML123C/YOL077W-A/YOL130W/YLR395C/YMR256C/YGR240C/YDR135C/YDL138W/YDR343C/YMR301C/YER145C/YOR390W/YLR136C/YJL214W/YBR296C,46
GO:1904659,D-glucose transmembrane transport,8/877,11/6449,0.7272727272727273,5.3479838291696895,5.725527880606948,1.280442568061259e-5,2.2048939606065854e-4,1.9091850436448384e-4,YHR094C/YDR345C/YCL040W/YDR342C/YHR096C/YFR053C/YGL253W/YDR277C,8
GO:0098655,monoatomic cation transmembrane transport,44/877,171/6449,0.2573099415204678,1.8921229337120833,4.69049697913462,1.3294593637805398e-5,2.2644161120044632e-4,1.9607243934932677e-4,YHR094C/YNR072W/YDR345C/YDR536W/YMR319C/YKL016C/YHR092C/YEL069C/YLR295C/YJR121W/YPL271W/YPR124W/YLR038C/YML081C-A/YDR322C-A/YIL111W/YDR529C/YKL217W/YPR020W/YER053C/YDL004W/YDL245C/YDL067C/YDR342C/YJL166W/YHR096C/YBR235W/YNL052W/YMR205C/YGL008C/YML123C/YOL077W-A/YOL130W/YLR395C/YMR256C/YGR240C/YDR135C/YDL138W/YDR343C/YMR301C/YER145C/YLR136C/YJL214W/YBR296C,44
GO:0071554,cell wall organization or biogenesis,63/877,280/6449,0.225,1.654532497149373,4.442317567012573,2.2818001233429463e-5,3.844710530406878e-4,3.3290779388670715e-4,YKL165C/YOR092W/YNR067C/YHL028W/YJL034W/YOR247W/YDR077W/YDL055C/YMR305C/YJL116C/YIL119C/YKR076W/YJL158C/YBR162C/YJL159W/YHL027W/YGR023W/YKL096W/YDR293C/YER124C/YJR151C/YLR300W/YCR032W/YGR143W/YJR066W/YKL164C/YOL109W/YLR436C/YER003C/YGR189C/YMR215W/YGR225W/YHR102W/YHR139C/YBL043W/YBR043C/YOR009W/YKL129C/YHR079C/YKR061W/YJL083W/YOR010C/YDL239C/YFR042W/YER075C/YDR273W/YCR089W/YKR019C/YDL049C/YKL096W-A/YDR144C/YLR390W/YER033C/YNL194C/YER011W/YJR150C/YOL132W/YDR523C/YIL123W/YLR194C/YCR045C/YHR142W/YHR021W-A,63
GO:0045229,external encapsulating structure organization,56/877,241/6449,0.23236514522821577,1.7086919288218514,4.448329109709588,2.4873515980929286e-5,4.102821004433283e-4,3.5525719777748313e-4,YKL165C/YOR092W/YNR067C/YHL028W/YOR247W/YDR077W/YMR305C/YJL116C/YKR076W/YJL158C/YBR162C/YJL159W/YGR023W/YKL096W/YDR293C/YER124C/YJR151C/YLR300W/YCR032W/YGR143W/YJR066W/YKL164C/YOL109W/YLR436C/YGR189C/YMR215W/YGR225W/YHR102W/YHR139C/YBL043W/YBR043C/YOR009W/YKL129C/YHR079C/YJL083W/YOR010C/YDL239C/YFR042W/YDR273W/YCR089W/YKR019C/YDL049C/YKL096W-A/YDR144C/YLR390W/YER033C/YNL194C/YER011W/YJR150C/YOL132W/YDR523C/YIL123W/YLR194C/YCR045C/YHR142W/YHR021W-A,56
GO:0071555,cell wall organization,56/877,241/6449,0.23236514522821577,1.7086919288218514,4.448329109709588,2.4873515980929286e-5,4.102821004433283e-4,3.5525719777748313e-4,YKL165C/YOR092W/YNR067C/YHL028W/YOR247W/YDR077W/YMR305C/YJL116C/YKR076W/YJL158C/YBR162C/YJL159W/YGR023W/YKL096W/YDR293C/YER124C/YJR151C/YLR300W/YCR032W/YGR143W/YJR066W/YKL164C/YOL109W/YLR436C/YGR189C/YMR215W/YGR225W/YHR102W/YHR139C/YBL043W/YBR043C/YOR009W/YKL129C/YHR079C/YJL083W/YOR010C/YDL239C/YFR042W/YDR273W/YCR089W/YKR019C/YDL049C/YKL096W-A/YDR144C/YLR390W/YER033C/YNL194C/YER011W/YJR150C/YOL132W/YDR523C/YIL123W/YLR194C/YCR045C/YHR142W/YHR021W-A,56
GO:0015711,organic anion transport,33/877,120/6449,0.275,2.022206385404789,4.484029095348534,3.822093505049195e-5,6.238771377512592e-4,5.402059789482908e-4,YDL210W/YCL025C/YKL165C/YJR095W/YJL079C/YBR068C/YOR317W/YOR348C/YPL265W/YKL217W/YGR260W/YEL063C/YGR243W/YOR306C/YCR098C/YNL065W/YGR191W/YAL067C/YMR241W/YKR013W/YBR043C/YPL002C/YER119C/YOR222W/YAR035W/YBR069C/YNR002C/YJL193W/YPL244C/YML038C/YHL036W/YDR508C/YGR055W,33
GO:0006754,ATP biosynthetic process,10/877,19/6449,0.5263157894736842,3.87025145532017,4.970476410830859,5.933248303052392e-5,9.487142949880712e-4,8.214776651594558e-4,YKL016C/YJL116C/YLR295C/YJR121W/YPL271W/YML081C-A/YDR322C-A/YPR020W/YDL004W/YOL077W-A,10
GO:0015986,proton motive force-driven ATP synthesis,10/877,19/6449,0.5263157894736842,3.87025145532017,4.970476410830859,5.933248303052392e-5,9.487142949880712e-4,8.214776651594558e-4,YKL016C/YJL116C/YLR295C/YJR121W/YPL271W/YML081C-A/YDR322C-A/YPR020W/YDL004W/YOL077W-A,10
GO:0009201,ribonucleoside triphosphate biosynthetic process,12/877,27/6449,0.4444444444444444,3.268212340048144,4.685297772411878,9.037927297407808e-5,0.0014305486944482864,0.0012386909395384015,YKL016C/YJL116C/YLR295C/YJR121W/YPL271W/YML081C-A/YDR322C-A/YPR020W/YDL004W/YOL077W-A/YJR103W/YNR012W,12
GO:1902652,secondary alcohol metabolic process,18/877,52/6449,0.34615384615384615,2.545434610999035,4.438854278689245,9.571387850898227e-5,0.0014998364762357523,0.0012986862041902965,YGR087C/YLR044C/YAL060W/YAL061W/YLR174W/YML087C/YGR060W/YNL037C/YML075C/YHR190W/YGR175C/YLR134W/YNR019W/YMR015C/YGL001C/YPL028W/YGL012W/YMR070W,18
GO:1903825,organic acid transmembrane transport,17/877,48/6449,0.3541666666666667,2.6043567084758648,4.425928532334819,1.077097689541673e-4,0.0016547177250115703,0.0014327955849527518,YCL025C/YJR095W/YOR348C/YKL217W/YGR260W/YEL063C/YGR243W/YGR191W/YMR241W/YER119C/YOR222W/YAR035W/YNR002C/YJL193W/YHL036W/YDR508C/YGR055W,17
GO:1905039,carboxylic acid transmembrane transport,17/877,48/6449,0.3541666666666667,2.6043567084758648,4.425928532334819,1.077097689541673e-4,0.0016547177250115703,0.0014327955849527518,YCL025C/YJR095W/YOR348C/YKL217W/YGR260W/YEL063C/YGR243W/YGR191W/YMR241W/YER119C/YOR222W/YAR035W/YNR002C/YJL193W/YHL036W/YDR508C/YGR055W,17
GO:1902653,secondary alcohol biosynthetic process,15/877,40/6449,0.375,2.7575541619156216,4.423340119956407,1.2997381655353664e-4,0.0019773686460135137,0.001712174241568817,YGR087C/YLR044C/YAL060W/YAL061W/YML087C/YGR060W/YML075C/YHR190W/YGR175C/YLR134W/YMR015C/YGL001C/YPL028W/YGL012W/YMR070W,15
GO:0015695,organic cation transport,15/877,41/6449,0.36585365853658536,2.6902967433323135,4.307253065337421,1.7956388087138626e-4,0.0027055442435140603,0.002342690712988025,YOR273C/YDL210W/YCL025C/YOR317W/YLR237W/YOR348C/YEL063C/YGR191W/YER119C/YBR069C/YHL036W/YOR071C/YDR508C/YPL274W/YGR055W,15
GO:0046395,carboxylic acid catabolic process,28/877,105/6449,0.26666666666666666,1.9609274040288864,3.938314536899801,2.571149363901647e-4,0.00383713433641322,0.0033225178246308,YGR087C/YPL095C/YKR009C/YOL086C/YMR250W/YLR044C/YAL012W/YPL111W/YCL064C/YGR019W/YLR231C/YPR006C/YER010C/YJR148W/YGL205W/YDR380W/YLR142W/YEL020C/YPR001W/YLR134W/YHR208W/YLR438W/YPL028W/YJR019C/YJR078W/YPL275W/YIL160C/YDL219W,28
GO:0046164,alcohol catabolic process,10/877,22/6449,0.45454545454545453,3.3424898932310563,4.366079843055117,2.820503629597354e-4,0.00416955583733873,0.0036103566817785393,YOL086C/YAL060W/YMR170C/YPL061W/YOL055C/YHL032C/YML070W/YDR050C/YIL155C/YFL053W,10
GO:0006099,tricarboxylic acid cycle,12/877,30/6449,0.4,2.94139110604333,4.228114428455203,3.039417029032787e-4,0.00442845033419116,0.003834529594446247,YPL262W/YNR001C/YOL126C/YMR118C/YLR174W/YLR164W/YNL037C/YER065C/YPR001W/YJL200C/YFR049W/YLR304C,12
GO:0016054,organic acid catabolic process,28/877,106/6449,0.2641509433962264,1.9424280888965384,3.8811511440557536,3.0521546655561284e-4,0.00442845033419116,0.003834529594446247,YGR087C/YPL095C/YKR009C/YOL086C/YMR250W/YLR044C/YAL012W/YPL111W/YCL064C/YGR019W/YLR231C/YPR006C/YER010C/YJR148W/YGL205W/YDR380W/YLR142W/YEL020C/YPR001W/YLR134W/YHR208W/YLR438W/YPL028W/YJR019C/YJR078W/YPL275W/YIL160C/YDL219W,28
GO:0009142,nucleoside triphosphate biosynthetic process,12/877,31/6449,0.3870967741935484,2.846507521977416,4.088263023343871,4.353267505972743e-4,0.006138983269014737,0.005315654743398378,YKL016C/YJL116C/YLR295C/YJR121W/YPL271W/YML081C-A/YDR322C-A/YPR020W/YDL004W/YOL077W-A/YJR103W/YNR012W,12
GO:0019751,polyol metabolic process,15/877,44/6449,0.3409090909090909,2.506867419923292,3.978767588584168,4.3791708576978284e-4,0.006138983269014737,0.005315654743398378,YNR073C/YIL053W/YAL060W/YAL061W/YPL201C/YOL059W/YER062C/YHL032C/YML070W/YDR050C/YDL022W/YIL155C/YEL070W/YHR079C/YFL053W,15
GO:0009145,purine nucleoside triphosphate biosynthetic process,10/877,23/6449,0.43478260869565216,3.1971642456992715,4.1875773082170085,4.3877863824483125e-4,0.006138983269014737,0.005315654743398378,YKL016C/YJL116C/YLR295C/YJR121W/YPL271W/YML081C-A/YDR322C-A/YPR020W/YDL004W/YOL077W-A,10
GO:0009206,purine ribonucleoside triphosphate biosynthetic process,10/877,23/6449,0.43478260869565216,3.1971642456992715,4.1875773082170085,4.3877863824483125e-4,0.006138983269014737,0.005315654743398378,YKL016C/YJL116C/YLR295C/YJR121W/YPL271W/YML081C-A/YDR322C-A/YPR020W/YDL004W/YOL077W-A,10
GO:0006081,aldehyde metabolic process,16/877,49/6449,0.32653061224489793,2.401135596770065,3.905664883994067,4.946533885939992e-4,0.006859485486077847,0.005939526948278202,YDL243C/YOL126C/YLR174W/YOR391C/YCL018W/YER065C/YDR050C/YCR107W/YBR117C/YGR043C/YJL200C/YPR074C/YLR304C/YNL331C/YOR095C/YFL059W,16
GO:0006094,gluconeogenesis,13/877,36/6449,0.3611111111111111,2.655422526289117,3.9512658250800294,5.579627816079922e-4,0.007669541041927401,0.006640942063644524,YKR097W/YJL052W/YLR377C/YOL126C/YKL152C/YCR012W/YKL060C/YBR196C/YGL062W/YJR009C/YHR174W/YDR050C/YBR239C,13
GO:0009636,response to toxic substance,19/877,64/6449,0.296875,2.1830637115165334,3.7733268568046823,5.929652411681727e-4,0.008079795938352405,0.006996175705865214,YGR088W/YHR055C/YDR406W/YKL071W/YKR076W/YOR391C/YHR008C/YGR234W/YER132C/YLR364W/YDR011W/YOL002C/YKR066C/YOR153W/YDR338C/YDR513W/YLR109W/YNL229C/YAR028W,19
GO:0006119,oxidative phosphorylation,14/877,41/6449,0.34146341463414637,2.51094362711016,3.8502213265773264,6.634953157874386e-4,0.008962906550335485,0.007760848112976482,YMR118C/YJL116C/YLR164W/YJR121W/YPL271W/YLR038C/YIL111W/YDR529C/YJR048W/YDL067C/YJL166W/YNL052W/YLR395C/YMR256C,14
GO:0007007,inner mitochondrial membrane organization,13/877,37/6449,0.35135135135135137,2.583654349902925,3.8324037849850305,7.548048556443012e-4,0.010109224006791623,0.008753427430728782,YLR295C/YLR168C/YHR005C-A/YFR011C/YDR322C-A/YPR020W/YBR185C/YBR262C/YBR091C/YGR181W/YEL020W-A/YJR135W-A/YPL098C,13
GO:0009083,branched-chain amino acid catabolic process,8/877,17/6449,0.47058823529411764,3.4604601247568585,4.0297168480736385,8.831259813838767e-4,0.011727613668038431,0.010154767082995694,YGR087C/YOL086C/YLR044C/YJR148W/YDR380W/YLR134W/YHR208W/YDL219W,8
GO:0071852,fungal-type cell wall organization or biogenesis,45/877,211/6449,0.2132701421800948,1.568277248482818,3.3295502112081397,0.0011324363722937229,0.014911998280540031,0.012912078583694019,YJL034W/YOR247W/YDR077W/YJL116C/YIL119C/YJL158C/YJL159W/YHL027W/YGR023W/YKL096W/YDR293C/YJR151C/YLR300W/YCR032W/YGR143W/YJR066W/YKL164C/YOL109W/YGR189C/YMR215W/YGR225W/YHR102W/YHR139C/YBR043C/YOR009W/YKL129C/YHR079C/YJL083W/YOR010C/YDL239C/YER075C/YDR273W/YKR019C/YDL049C/YKL096W-A/YDR144C/YER033C/YNL194C/YER011W/YJR150C/YOL132W/YDR523C/YIL123W/YLR194C/YCR045C,45
GO:0006790,sulfur compound metabolic process,36/877,159/6449,0.22641509433962265,1.6649383619113187,3.3679170446049347,0.0011430698881617412,0.01492658762291207,0.012924711279302496,YNR001C/YLR303W/YAL012W/YMR170C/YKR076W/YER052C/YHR205W/YLR231C/YOR317W/YPR167C/YOL055C/YML075C/YKL001C/YMR169C/YMR009W/YGR144W/YJR148W/YDR380W/YJR010W/YMR207C/YLL062C/YBR240C/YGL126W/YDR135C/YHR208W/YJR019C/YIR017C/YJR078W/YJR137C/YOL049W/YPL214C/YDR513W/YPR121W/YLL060C/YKL215C/YFL059W,36
GO:0006550,L-isoleucine catabolic process,7/877,14/6449,0.5,3.676738882554162,3.977429650987011,0.001205917186082578,0.015617125872656196,0.013522638128407509,YGR087C/YOL086C/YLR044C/YJR148W/YDR380W/YLR134W/YHR208W,7
GO:0031505,fungal-type cell wall organization,41/877,189/6449,0.21693121693121692,1.595198880261594,3.2946751343267775,0.0013129425328023184,0.016752199451244565,0.014505481538746005,YOR247W/YDR077W/YJL116C/YJL158C/YJL159W/YGR023W/YKL096W/YDR293C/YJR151C/YLR300W/YCR032W/YGR143W/YJR066W/YKL164C/YOL109W/YGR189C/YMR215W/YGR225W/YHR102W/YHR139C/YBR043C/YOR009W/YKL129C/YHR079C/YJL083W/YOR010C/YDL239C/YDR273W/YKR019C/YDL049C/YKL096W-A/YDR144C/YER033C/YNL194C/YER011W/YJR150C/YOL132W/YDR523C/YIL123W/YLR194C/YCR045C,41
GO:0006631,fatty acid metabolic process,20/877,73/6449,0.273972602739726,2.014651442495431,3.458684201910525,0.0013185663551923933,0.016752199451244565,0.014505481538746005,YPL095C/YGL055W/YPR002W/YKR009C/YOR317W/YMR272C/YPR006C/YGL205W/YLR372W/YEL020C/YPR001W/YMR207C/YOL002C/YHR067W/YER061C/YJR019C/YAR035W/YCL026C-A/YIL160C/YCR034W,20
GO:0019319,hexose biosynthetic process,13/877,39/6449,0.3333333333333333,2.451159255036108,3.6059950143522297,0.001325636714712397,0.016752199451244565,0.014505481538746005,YKR097W/YJL052W/YLR377C/YOL126C/YKL152C/YCR012W/YKL060C/YBR196C/YGL062W/YJR009C/YHR174W/YDR050C/YBR239C,13
GO:0006067,ethanol metabolic process,8/877,18/6449,0.4444444444444444,3.268212340048144,3.822851815129433,0.0014019474760990644,0.017435330913073286,0.01509699495983036,YGR087C/YMR145C/YOL086C/YLR044C/YMR170C/YPL061W/YLR134W/YDL085W,8
GO:0006536,glutamate metabolic process,8/877,18/6449,0.4444444444444444,3.268212340048144,3.822851815129433,0.0014019474760990644,0.017435330913073286,0.01509699495983036,YMR250W/YGR019W/YLR174W/YPR035W/YNL037C/YOR375C/YLR142W/YLR438W,8
GO:0045787,positive regulation of cell cycle,22/877,84/6449,0.2619047619047619,1.9259108432426564,3.388569256885613,0.0014782796581047,0.01823987578149657,0.015793638452523486,YHL027W/YFL033C/YGR225W/YIL072W/YGL116W/YMR001C/YPL017C/YPL256C/YMR199W/YGR108W/YGR113W/YHR152W/YBL046W/YPR119W/YDR523C/YDR201W/YKR083C/YML064C/YGL086W/YBR233W-A/YGR109C/YOR195W,22
GO:0042407,cristae formation,6/877,11/6449,0.5454545454545454,4.010987871877267,3.964940001144117,0.001560775946988112,0.0189591930924835,0.01641648466477092,YLR295C/YLR168C/YFR011C/YDR322C-A/YPR020W/YBR262C,6
GO:0046174,polyol catabolic process,6/877,11/6449,0.5454545454545454,4.010987871877267,3.964940001144117,0.001560775946988112,0.0189591930924835,0.01641648466477092,YAL060W/YHL032C/YML070W/YDR050C/YIL155C/YFL053W,6
GO:0046364,monosaccharide biosynthetic process,13/877,40/6449,0.325,2.3898802736602054,3.497993580872833,0.0017240078861502745,0.020780925827672925,0.01799389607488019,YKR097W/YJL052W/YLR377C/YOL126C/YKL152C/YCR012W/YKL060C/YBR196C/YGL062W/YJR009C/YHR174W/YDR050C/YBR239C,13
GO:0044272,sulfur compound biosynthetic process,24/877,96/6449,0.25,1.838369441277081,3.2831323156838286,0.0018418178226184394,0.022031515481244997,0.019076763144677933,YLR303W/YAL012W/YMR170C/YER052C/YHR205W/YPR167C/YOL055C/YKL001C/YMR169C/YMR009W/YGR144W/YJR148W/YDR380W/YJR010W/YMR207C/YLL062C/YBR240C/YHR208W/YIR017C/YJR137C/YOL049W/YPL214C/YPR121W/YFL059W,24
GO:0005984,disaccharide metabolic process,10/877,27/6449,0.37037037037037035,2.723510283373453,3.5601423856318517,0.0019377973440273884,0.023004003318870588,0.019918825968511192,YDR074W/YKL035W/YBR299W/YPR026W/YBR126C/YML100W/YIL162W/YBR297W/YGR287C/YGR292W,10
GO:0006123,"mitochondrial electron transport, cytochrome c to oxygen",7/877,15/6449,0.4666666666666667,3.431622957050551,3.740314263082476,0.00199791422294733,0.023539335243296735,0.020382361957887677,YLR038C/YIL111W/YJR048W/YDL067C/YNL052W/YLR395C/YMR256C,7
GO:0016053,organic acid biosynthetic process,42/877,200/6449,0.21,1.544230330672748,3.1016960332284182,0.0022299640824219296,0.025884101608556767,0.02241266044633035,YPL095C/YGL055W/YLR303W/YEL071W/YAL012W/YMR170C/YGL062W/YLR174W/YPR035W/YER052C/YLR231C/YOR391C/YPL061W/YPR167C/YCL018W/YMR272C/YNL037C/YKL001C/YMR169C/YOR375C/YMR009W/YOL058W/YJR148W/YLR372W/YDR354W/YGR124W/YJR010W/YJL200C/YMR207C/YGL148W/YLL062C/YIL074C/YER055C/YBR084W/YHR208W/YHR067W/YLR438W/YER061C/YJR019C/YIR017C/YJR137C/YCR034W,42
GO:0046394,carboxylic acid biosynthetic process,42/877,200/6449,0.21,1.544230330672748,3.1016960332284182,0.0022299640824219296,0.025884101608556767,0.02241266044633035,YPL095C/YGL055W/YLR303W/YEL071W/YAL012W/YMR170C/YGL062W/YLR174W/YPR035W/YER052C/YLR231C/YOR391C/YPL061W/YPR167C/YCL018W/YMR272C/YNL037C/YKL001C/YMR169C/YOR375C/YMR009W/YOL058W/YJR148W/YLR372W/YDR354W/YGR124W/YJR010W/YJL200C/YMR207C/YGL148W/YLL062C/YIL074C/YER055C/YBR084W/YHR208W/YHR067W/YLR438W/YER061C/YJR019C/YIR017C/YJR137C/YCR034W,42
GO:0006979,response to oxidative stress,28/877,120/6449,0.23333333333333334,1.7158114785252756,3.13999163214066,0.0024524715897194173,0.028257521919781814,0.024467769962448364,YGR088W/YNL036W/YHR055C/YMR250W/YJR096W/YJR138W/YKL062W/YHR205W/YHR008C/YGR234W/YOR173W/YGR023W/YOL052C-A/YFL033C/YJR066W/YKR071C/YHR104W/YGR043C/YHR183W/YCL026C-B/YKR066C/YNL241C/YDR513W/YLR109W/YCL033C/YDR222W/YCL026C-A/YDL166C,28
GO:0090068,positive regulation of cell cycle process,21/877,82/6449,0.25609756097560976,1.8832077203326194,3.193074967863295,0.0025307371095318874,0.02894646022362385,0.02506431144207916,YHL027W/YFL033C/YGR225W/YIL072W/YGL116W/YMR001C/YPL256C/YMR199W/YGR108W/YGR113W/YHR152W/YBL046W/YPR119W/YDR523C/YDR201W/YKR083C/YML064C/YGL086W/YBR233W-A/YGR109C/YOR195W,21
GO:0006835,dicarboxylic acid transport,6/877,12/6449,0.5,3.676738882554162,3.6818122065755596,0.002764790594040388,0.0313943975424731,0.02718394413209809,YJR095W/YPL265W/YGR260W/YMR241W/YER119C/YOR222W,6
GO:0098754,detoxification,16/877,57/6449,0.2807017543859649,2.064134109504091,3.2012689778212056,0.0029782390233832135,0.03333500392601068,0.02886428647474408,YGR088W/YHR055C/YDR406W/YKL071W/YKR076W/YOR391C/YHR008C/YER132C/YLR364W/YDR011W/YKR066C/YOR153W/YDR338C/YDR513W/YLR109W/YNL229C,16
GO:0170035,L-amino acid catabolic process,16/877,57/6449,0.2807017543859649,2.064134109504091,3.2012689778212056,0.0029782390233832135,0.03333500392601068,0.02886428647474408,YGR087C/YOL086C/YMR250W/YLR044C/YAL012W/YPL111W/YCL064C/YGR019W/YLR231C/YJR148W/YDR380W/YLR142W/YLR134W/YHR208W/YLR438W/YJR078W,16
GO:1901700,response to oxygen-containing compound,23/877,94/6449,0.24468085106382978,1.7992551978456537,3.096694593572262,0.0030584782972845246,0.03399032263719752,0.02943171724673201,YGR088W/YNL036W/YHR055C/YKL071W/YKL062W/YOR391C/YHR008C/YNL134C/YOL052C-A/YBR126C/YFL033C/YKR071C/YHR141C/YGR008C/YJL084C/YER028C/YKR066C/YOR153W/YNL241C/YDL138W/YDR541C/YFL052W/YMR175W,23
GO:0009080,pyruvate family amino acid catabolic process,7/877,16/6449,0.4375,3.217146522234892,3.52252730026075,0.003139420676453562,0.03464417042255445,0.029997874365816465,YGR087C/YOL086C/YLR044C/YJR148W/YDR380W/YLR134W/YHR208W,7
GO:0042221,response to chemical,85/877,473/6449,0.17970401691331925,1.3214494926727434,2.88101008041995,0.003217127132284914,0.03525341409993329,0.030525409448032788,YGR088W/YNL036W/YHR055C/YDR406W/YKR034W/YJL034W/YMR250W/YJR096W/YKL071W/YJR138W/YKR076W/YKL062W/YHR205W/YOR391C/YHR008C/YNL134C/YGR234W/YHL027W/YOR173W/YGR023W/YMR184W/YER124C/YOL052C-A/YCR032W/YPL230W/YER132C/YBR126C/YFL033C/YJR066W/YKR071C/YDL022W/YLR104W/YHR104W/YHR141C/YGR043C/YPL187W/YCR102C/YHR183W/YLR364W/YNL234W/YDL020C/YGR008C/YJL084C/YCL026C-B/YFR022W/YDR011W/YOL002C/YNL264C/YBR239C/YER028C/YOR380W/YKR066C/YDR135C/YOR153W/YNL241C/YDL138W/YCR091W/YER075C/YCR106W/YLR378C/YPL256C/YJL048C/YCR089W/YDR338C/YDR513W/YLR109W/YKL057C/YNL229C/YCL032W/YCL033C/YJR004C/YCL047C/YCL026C-A/YIL160C/YNL042W/YDR541C/YMR276W/YFL052W/YDL166C/YMR175W/YAR028W/YKR095W-A/YJR086W/YMR070W/YJL157C,85
GO:0009063,amino acid catabolic process,18/877,68/6449,0.2647058823529412,1.9465088201757328,3.1127303959138444,0.0034084507844467345,0.03709057207797245,0.03211617734760117,YGR087C/YOL086C/YMR250W/YLR044C/YAL012W/YPL111W/YCL064C/YGR019W/YLR231C/YJR148W/YDR380W/YLR142W/YLR134W/YHR208W/YLR438W/YJR078W/YLR098C/YDL219W,18
GO:0043648,dicarboxylic acid metabolic process,18/877,69/6449,0.2608695652173913,1.9182985474195626,3.042319776462883,0.004040753401357957,0.043508730194429114,0.03767356545905292,YPL262W/YOL126C/YMR250W/YGL062W/YGR019W/YLR174W/YPR035W/YLR231C/YNL037C/YOR375C/YDR354W/YLR142W/YFR049W/YGL148W/YBR084W/YKR080W/YLR438W/YPL017C,18
GO:0000302,response to reactive oxygen species,9/877,25/6449,0.36,2.6472519954389964,3.2736635112782317,0.0040537808604892474,0.043508730194429114,0.03767356545905292,YGR088W/YHR055C/YKL062W/YHR008C/YOL052C-A/YFL033C/YKR071C/YKR066C/YNL241C,9
GO:0170033,L-amino acid metabolic process,35/877,165/6449,0.21212121212121213,1.5598286168411597,2.8899194352041646,0.0042326338264040775,0.04511930072091965,0.03906813463827322,YGR087C/YOL086C/YMR250W/YLR044C/YLR303W/YAL012W/YGL062W/YPL111W/YCL064C/YGR019W/YLR174W/YPR035W/YER052C/YLR231C/YPR167C/YCL018W/YNL037C/YKL001C/YOR375C/YMR009W/YOL058W/YJR148W/YDR380W/YDR354W/YLR142W/YGR124W/YLR134W/YJL200C/YLL062C/YIL074C/YER055C/YHR208W/YLR438W/YIR017C/YJR078W,35
GO:0022900,electron transport chain,13/877,44/6449,0.29545454545454547,2.1726184306001866,3.0962088261792533,0.004423492495896821,0.046835221223448104,0.040553924802354216,YMR118C/YLR164W/YLR038C/YIL111W/YDR529C/YJR048W/YDL067C/YJL166W/YNL052W/YLR395C/YMR256C/YOR356W/YPL252C,13
GO:0006097,glyoxylate cycle,6/877,13/6449,0.46153846153846156,3.3939128146653803,3.4275101154378933,0.004549529409946561,0.04752741723590841,0.04115328708365696,YOL126C/YLR174W/YCL018W/YER065C/YJL200C/YLR304C,6
GO:0006574,L-valine catabolic process,6/877,13/6449,0.46153846153846156,3.3939128146653803,3.4275101154378933,0.004549529409946561,0.04752741723590841,0.04115328708365696,YGR087C/YOL086C/YLR044C/YJR148W/YLR134W/YHR208W,6
GO:0009311,oligosaccharide metabolic process,10/877,30/6449,0.3333333333333333,2.451159255036108,3.160448899299496,0.004708372446293218,0.04864738059884648,0.042123046781925313,YDR074W/YKL035W/YBR299W/YPR026W/YBR126C/YML100W/YIL162W/YBR297W/YGR287C/YGR292W,10
GO:0140115,export across plasma membrane,7/877,17/6449,0.4117647058823529,3.027902609162251,3.3212784991592392,0.004718826963002339,0.04864738059884648,0.042123046781925313,YDR406W/YNL065W/YGL008C/YBR043C/YDR011W/YOR153W/YDR338C,7
